"","date","state","newC","totalC","totalD"
"1",2020-02-25,"SP",1,1,0
"2",2020-02-26,"SP",0,1,0
"3",2020-02-27,"SP",0,1,0
"4",2020-02-28,"SP",1,2,0
"5",2020-02-29,"SP",0,2,0
"6",2020-03-01,"SP",0,2,0
"7",2020-03-02,"SP",0,2,0
"8",2020-03-03,"SP",0,2,0
"9",2020-03-04,"SP",1,3,0
"10",2020-03-05,"RJ",1,1,0
"11",2020-03-05,"SP",3,6,0
"12",2020-03-06,"BA",1,1,0
"13",2020-03-06,"ES",1,1,0
"14",2020-03-06,"RJ",1,2,0
"15",2020-03-06,"SP",4,10,0
"16",2020-03-07,"BA",1,2,0
"17",2020-03-07,"DF",1,1,0
"18",2020-03-07,"ES",0,1,0
"19",2020-03-07,"RJ",0,2,0
"20",2020-03-07,"SP",7,13,0
"21",2020-03-08,"AL",1,1,0
"22",2020-03-08,"BA",0,2,0
"23",2020-03-08,"DF",0,1,0
"24",2020-03-08,"ES",0,1,0
"25",2020-03-08,"MG",1,1,0
"26",2020-03-08,"RJ",1,3,0
"27",2020-03-08,"SP",3,16,0
"28",2020-03-09,"AL",0,1,0
"29",2020-03-09,"BA",0,2,0
"30",2020-03-09,"DF",0,1,0
"31",2020-03-09,"ES",0,1,0
"32",2020-03-09,"MG",0,1,0
"33",2020-03-09,"RJ",0,3,0
"34",2020-03-09,"SP",0,16,0
"35",2020-03-10,"AL",0,1,0
"36",2020-03-10,"BA",0,2,0
"37",2020-03-10,"DF",0,1,0
"38",2020-03-10,"ES",0,1,0
"39",2020-03-10,"MG",0,1,0
"40",2020-03-10,"RJ",5,8,0
"41",2020-03-10,"RS",1,1,0
"42",2020-03-10,"SP",3,19,0
"43",2020-03-11,"AL",0,1,0
"44",2020-03-11,"BA",1,3,0
"45",2020-03-11,"DF",1,2,0
"46",2020-03-11,"ES",0,1,0
"47",2020-03-11,"MG",0,1,0
"48",2020-03-11,"RJ",5,13,0
"49",2020-03-11,"RS",1,2,0
"50",2020-03-11,"SP",11,30,0
"51",2020-03-12,"AL",0,1,0
"52",2020-03-12,"BA",0,3,0
"53",2020-03-12,"DF",0,2,0
"54",2020-03-12,"ES",0,1,0
"55",2020-03-12,"GO",3,3,0
"56",2020-03-12,"MG",1,2,0
"57",2020-03-12,"PE",2,2,0
"58",2020-03-12,"PR",6,6,0
"59",2020-03-12,"RJ",3,16,0
"60",2020-03-12,"RN",1,1,0
"61",2020-03-12,"RS",2,4,0
"62",2020-03-12,"SC",2,2,0
"63",2020-03-12,"SP",16,46,0
"64",2020-03-13,"AL",0,1,0
"65",2020-03-13,"AM",1,1,0
"66",2020-03-13,"BA",4,7,0
"67",2020-03-13,"DF",0,2,0
"68",2020-03-13,"ES",0,1,0
"69",2020-03-13,"GO",0,3,0
"70",2020-03-13,"MG",0,2,0
"71",2020-03-13,"PE",0,2,0
"72",2020-03-13,"PR",0,6,0
"73",2020-03-13,"RJ",0,16,0
"74",2020-03-13,"RN",0,1,0
"75",2020-03-13,"RS",0,4,0
"76",2020-03-13,"SC",1,3,0
"77",2020-03-13,"SP",10,56,0
"78",2020-03-14,"AL",0,1,0
"79",2020-03-14,"AM",0,1,0
"80",2020-03-14,"BA",0,7,0
"81",2020-03-14,"DF",6,8,0
"82",2020-03-14,"ES",0,1,0
"83",2020-03-14,"GO",1,4,0
"84",2020-03-14,"MG",2,4,0
"85",2020-03-14,"MS",2,2,0
"86",2020-03-14,"PE",5,7,0
"87",2020-03-14,"PR",0,6,0
"88",2020-03-14,"RJ",6,22,0
"89",2020-03-14,"RN",0,1,0
"90",2020-03-14,"RS",2,6,0
"91",2020-03-14,"SC",2,5,0
"92",2020-03-14,"SE",1,1,0
"93",2020-03-14,"SP",19,65,0
"94",2020-03-15,"AL",0,1,0
"95",2020-03-15,"AM",0,1,0
"96",2020-03-15,"BA",2,9,0
"97",2020-03-15,"DF",6,14,0
"98",2020-03-15,"ES",0,1,0
"99",2020-03-15,"GO",0,4,0
"100",2020-03-15,"MG",0,4,0
"101",2020-03-15,"MS",0,2,0
"102",2020-03-15,"PE",1,8,0
"103",2020-03-15,"PR",0,6,0
"104",2020-03-15,"RJ",9,24,0
"105",2020-03-15,"RN",0,1,0
"106",2020-03-15,"RS",0,6,0
"107",2020-03-15,"SC",1,6,0
"108",2020-03-15,"SE",0,1,0
"109",2020-03-15,"SP",71,136,0
"110",2020-03-16,"AL",0,1,0
"111",2020-03-16,"AM",0,1,0
"112",2020-03-16,"BA",1,10,0
"113",2020-03-16,"CE",9,9,0
"114",2020-03-16,"DF",5,19,0
"115",2020-03-16,"ES",0,1,0
"116",2020-03-16,"GO",5,9,0
"117",2020-03-16,"MG",2,6,0
"118",2020-03-16,"MS",2,4,0
"119",2020-03-16,"PE",0,8,0
"120",2020-03-16,"PR",0,6,0
"121",2020-03-16,"RJ",7,31,0
"122",2020-03-16,"RN",0,1,0
"123",2020-03-16,"RS",4,8,0
"124",2020-03-16,"SC",1,7,0
"125",2020-03-16,"SE",4,5,0
"126",2020-03-16,"SP",87,152,0
"127",2020-03-17,"AC",3,3,0
"128",2020-03-17,"AL",0,1,0
"129",2020-03-17,"AM",0,1,0
"130",2020-03-17,"BA",4,14,0
"131",2020-03-17,"CE",1,10,0
"132",2020-03-17,"DF",3,22,0
"133",2020-03-17,"ES",0,1,0
"134",2020-03-17,"GO",1,10,0
"135",2020-03-17,"MG",8,14,0
"136",2020-03-17,"MS",2,6,0
"137",2020-03-17,"PE",10,18,0
"138",2020-03-17,"PR",6,12,0
"139",2020-03-17,"RJ",2,33,0
"140",2020-03-17,"RN",0,1,0
"141",2020-03-17,"RS",2,10,0
"142",2020-03-17,"SC",0,7,0
"143",2020-03-17,"SE",0,5,0
"144",2020-03-17,"SP",12,164,1
"145",2020-03-18,"AC",0,3,0
"146",2020-03-18,"AL",0,1,0
"147",2020-03-18,"AM",1,2,0
"148",2020-03-18,"BA",13,27,0
"149",2020-03-18,"CE",9,19,0
"150",2020-03-18,"DF",12,34,0
"151",2020-03-18,"ES",8,9,0
"152",2020-03-18,"GO",2,12,0
"153",2020-03-18,"MG",5,19,0
"154",2020-03-18,"MS",1,7,0
"155",2020-03-18,"PA",1,1,0
"156",2020-03-18,"PB",1,1,0
"157",2020-03-18,"PE",1,19,0
"158",2020-03-18,"PR",3,15,0
"159",2020-03-18,"RJ",38,63,0
"160",2020-03-18,"RN",0,1,0
"161",2020-03-18,"RS",11,19,0
"162",2020-03-18,"SC",7,14,0
"163",2020-03-18,"SE",1,6,0
"164",2020-03-18,"SP",77,241,4
"165",2020-03-18,"TO",1,1,0
"166",2020-03-19,"AC",1,4,0
"167",2020-03-19,"AL",3,4,0
"168",2020-03-19,"AM",1,3,0
"169",2020-03-19,"BA",4,31,0
"170",2020-03-19,"CE",1,20,0
"171",2020-03-19,"DF",8,42,0
"172",2020-03-19,"ES",13,13,0
"173",2020-03-19,"GO",3,15,0
"174",2020-03-19,"MG",10,29,0
"175",2020-03-19,"MS",2,9,0
"176",2020-03-19,"PA",0,1,0
"177",2020-03-19,"PB",0,1,0
"178",2020-03-19,"PE",9,28,0
"179",2020-03-19,"PI",3,3,0
"180",2020-03-19,"PR",9,24,0
"181",2020-03-19,"RJ",3,66,2
"182",2020-03-19,"RN",0,1,0
"183",2020-03-19,"RS",12,31,0
"184",2020-03-19,"SC",7,21,0
"185",2020-03-19,"SE",0,6,0
"186",2020-03-19,"SP",45,286,5
"187",2020-03-19,"TO",0,1,0
"188",2020-03-20,"AC",3,7,0
"189",2020-03-20,"AL",2,6,0
"190",2020-03-20,"AM",4,7,0
"191",2020-03-20,"AP",1,1,0
"192",2020-03-20,"BA",3,34,0
"193",2020-03-20,"CE",48,68,0
"194",2020-03-20,"DF",45,87,0
"195",2020-03-20,"ES",3,16,0
"196",2020-03-20,"GO",3,18,0
"197",2020-03-20,"MA",1,1,0
"198",2020-03-20,"MG",9,38,0
"199",2020-03-20,"MS",3,12,0
"200",2020-03-20,"MT",1,1,0
"201",2020-03-20,"PA",1,2,0
"202",2020-03-20,"PB",0,1,0
"203",2020-03-20,"PE",2,30,0
"204",2020-03-20,"PI",1,4,0
"205",2020-03-20,"PR",13,37,0
"206",2020-03-20,"RJ",43,109,2
"207",2020-03-20,"RN",5,6,0
"208",2020-03-20,"RO",1,1,0
"209",2020-03-20,"RS",12,43,0
"210",2020-03-20,"SC",18,39,0
"211",2020-03-20,"SE",1,7,0
"212",2020-03-20,"SP",110,396,9
"213",2020-03-20,"TO",0,1,0
"214",2020-03-21,"AC",4,11,0
"215",2020-03-21,"AL",1,7,0
"216",2020-03-21,"AM",11,18,0
"217",2020-03-21,"AP",0,1,0
"218",2020-03-21,"BA",7,41,0
"219",2020-03-21,"CE",16,84,0
"220",2020-03-21,"DF",21,108,0
"221",2020-03-21,"ES",10,26,0
"222",2020-03-21,"GO",2,20,0
"223",2020-03-21,"MA",1,2,0
"224",2020-03-21,"MG",16,54,0
"225",2020-03-21,"MS",4,16,0
"226",2020-03-21,"MT",1,2,0
"227",2020-03-21,"PA",0,2,0
"228",2020-03-21,"PB",0,1,0
"229",2020-03-21,"PE",3,33,0
"230",2020-03-21,"PI",0,4,0
"231",2020-03-21,"PR",7,44,0
"232",2020-03-21,"RJ",10,119,3
"233",2020-03-21,"RN",3,9,0
"234",2020-03-21,"RO",2,3,0
"235",2020-03-21,"RR",2,2,0
"236",2020-03-21,"RS",26,69,0
"237",2020-03-21,"SC",18,57,0
"238",2020-03-21,"SE",3,10,0
"239",2020-03-21,"SP",63,459,15
"240",2020-03-21,"TO",1,2,0
"241",2020-03-22,"AC",0,11,0
"242",2020-03-22,"AL",0,7,0
"243",2020-03-22,"AM",8,26,0
"244",2020-03-22,"AP",0,1,0
"245",2020-03-22,"BA",14,55,0
"246",2020-03-22,"CE",41,125,0
"247",2020-03-22,"DF",9,117,0
"248",2020-03-22,"ES",0,26,0
"249",2020-03-22,"GO",1,21,0
"250",2020-03-22,"MA",0,2,0
"251",2020-03-22,"MG",29,83,0
"252",2020-03-22,"MS",5,21,0
"253",2020-03-22,"MT",0,2,0
"254",2020-03-22,"PA",2,4,0
"255",2020-03-22,"PB",0,1,0
"256",2020-03-22,"PE",4,37,0
"257",2020-03-22,"PI",2,6,0
"258",2020-03-22,"PR",10,54,0
"259",2020-03-22,"RJ",67,186,3
"260",2020-03-22,"RN",4,13,0
"261",2020-03-22,"RO",0,3,0
"262",2020-03-22,"RR",0,2,0
"263",2020-03-22,"RS",8,77,0
"264",2020-03-22,"SC",11,68,0
"265",2020-03-22,"SE",0,10,0
"266",2020-03-22,"SP",172,631,22
"267",2020-03-22,"TO",3,5,0
"268",2020-03-23,"AC",6,17,0
"269",2020-03-23,"AL",1,8,0
"270",2020-03-23,"AM",6,32,0
"271",2020-03-23,"AP",0,1,0
"272",2020-03-23,"BA",8,63,0
"273",2020-03-23,"CE",39,164,0
"274",2020-03-23,"DF",21,138,0
"275",2020-03-23,"ES",7,33,0
"276",2020-03-23,"GO",2,23,0
"277",2020-03-23,"MA",6,8,0
"278",2020-03-23,"MG",45,128,0
"279",2020-03-23,"MS",0,21,0
"280",2020-03-23,"MT",5,6,0
"281",2020-03-23,"PA",1,5,0
"282",2020-03-23,"PB",1,2,0
"283",2020-03-23,"PE",5,42,0
"284",2020-03-23,"PI",0,6,0
"285",2020-03-23,"PR",6,60,0
"286",2020-03-23,"RJ",47,233,4
"287",2020-03-23,"RN",0,13,0
"288",2020-03-23,"RO",0,3,0
"289",2020-03-23,"RR",0,2,0
"290",2020-03-23,"RS",19,96,0
"291",2020-03-23,"SC",18,86,0
"292",2020-03-23,"SE",0,10,0
"293",2020-03-23,"SP",114,745,30
"294",2020-03-23,"TO",2,7,0
"295",2020-03-24,"AC",4,21,0
"296",2020-03-24,"AL",2,10,0
"297",2020-03-24,"AM",15,47,1
"298",2020-03-24,"AP",0,1,0
"299",2020-03-24,"BA",16,79,0
"300",2020-03-24,"CE",21,185,0
"301",2020-03-24,"DF",23,161,0
"302",2020-03-24,"ES",7,40,0
"303",2020-03-24,"GO",6,29,0
"304",2020-03-24,"MA",0,8,0
"305",2020-03-24,"MG",2,130,0
"306",2020-03-24,"MS",3,24,0
"307",2020-03-24,"MT",1,7,0
"308",2020-03-24,"PA",0,5,0
"309",2020-03-24,"PB",1,3,0
"310",2020-03-24,"PE",0,42,0
"311",2020-03-24,"PI",2,8,0
"312",2020-03-24,"PR",10,70,0
"313",2020-03-24,"RJ",72,305,6
"314",2020-03-24,"RN",1,14,0
"315",2020-03-24,"RO",2,5,0
"316",2020-03-24,"RR",6,8,0
"317",2020-03-24,"RS",16,112,0
"318",2020-03-24,"SC",23,109,0
"319",2020-03-24,"SE",5,15,0
"320",2020-03-24,"SP",65,810,40
"321",2020-03-24,"TO",0,7,0
"322",2020-03-25,"AC",2,23,0
"323",2020-03-25,"AL",1,11,0
"324",2020-03-25,"AM",7,54,1
"325",2020-03-25,"AP",1,2,0
"326",2020-03-25,"BA",12,91,0
"327",2020-03-25,"CE",26,211,0
"328",2020-03-25,"DF",30,191,0
"329",2020-03-25,"ES",0,40,0
"330",2020-03-25,"GO",6,35,0
"331",2020-03-25,"MA",0,8,0
"332",2020-03-25,"MG",3,133,0
"333",2020-03-25,"MS",0,24,0
"334",2020-03-25,"MT",2,9,0
"335",2020-03-25,"PA",2,7,0
"336",2020-03-25,"PB",2,5,0
"337",2020-03-25,"PE",4,46,1
"338",2020-03-25,"PI",1,9,0
"339",2020-03-25,"PR",27,97,0
"340",2020-03-25,"RJ",65,370,8
"341",2020-03-25,"RN",0,14,0
"342",2020-03-25,"RO",0,5,0
"343",2020-03-25,"RR",0,8,0
"344",2020-03-25,"RS",50,162,1
"345",2020-03-25,"SC",13,122,0
"346",2020-03-25,"SE",1,16,0
"347",2020-03-25,"SP",52,862,48
"348",2020-03-25,"TO",0,7,0
"349",2020-03-26,"AC",1,24,0
"350",2020-03-26,"AL",0,11,0
"351",2020-03-26,"AM",13,67,1
"352",2020-03-26,"AP",0,2,0
"353",2020-03-26,"BA",17,108,0
"354",2020-03-26,"CE",26,237,3
"355",2020-03-26,"DF",10,201,0
"356",2020-03-26,"ES",8,48,0
"357",2020-03-26,"GO",4,39,1
"358",2020-03-26,"MA",2,10,0
"359",2020-03-26,"MG",20,153,0
"360",2020-03-26,"MS",1,25,0
"361",2020-03-26,"MT",2,11,0
"362",2020-03-26,"PA",6,13,0
"363",2020-03-26,"PB",1,6,0
"364",2020-03-26,"PE",2,48,3
"365",2020-03-26,"PI",0,9,0
"366",2020-03-26,"PR",9,106,0
"367",2020-03-26,"RJ",51,421,9
"368",2020-03-26,"RN",5,19,0
"369",2020-03-26,"RO",1,6,0
"370",2020-03-26,"RR",2,10,0
"371",2020-03-26,"RS",28,190,1
"372",2020-03-26,"SC",27,149,1
"373",2020-03-26,"SE",0,16,0
"374",2020-03-26,"SP",191,1053,58
"375",2020-03-26,"TO",1,8,0
"376",2020-03-27,"AC",2,25,0
"377",2020-03-27,"AL",1,12,0
"378",2020-03-27,"AM",14,81,1
"379",2020-03-27,"AP",1,3,0
"380",2020-03-27,"BA",15,123,0
"381",2020-03-27,"CE",45,282,3
"382",2020-03-27,"DF",40,241,0
"383",2020-03-27,"ES",6,54,0
"384",2020-03-27,"GO",10,49,1
"385",2020-03-27,"MA",3,13,0
"386",2020-03-27,"MG",36,189,0
"387",2020-03-27,"MS",3,28,0
"388",2020-03-27,"MT",0,11,0
"389",2020-03-27,"PA",3,16,0
"390",2020-03-27,"PB",4,10,0
"391",2020-03-27,"PE",9,57,4
"392",2020-03-27,"PI",1,10,1
"393",2020-03-27,"PR",19,125,2
"394",2020-03-27,"RJ",72,493,10
"395",2020-03-27,"RN",9,28,0
"396",2020-03-27,"RO",0,6,0
"397",2020-03-27,"RR",2,12,0
"398",2020-03-27,"RS",7,197,2
"399",2020-03-27,"SC",14,163,1
"400",2020-03-27,"SE",0,16,0
"401",2020-03-27,"SP",170,1223,68
"402",2020-03-27,"TO",1,9,0
"403",2020-03-28,"AC",0,25,0
"404",2020-03-28,"AL",2,14,0
"405",2020-03-28,"AM",30,111,1
"406",2020-03-28,"AP",1,4,0
"407",2020-03-28,"BA",4,127,0
"408",2020-03-28,"CE",40,322,4
"409",2020-03-28,"DF",19,260,0
"410",2020-03-28,"ES",7,61,0
"411",2020-03-28,"GO",7,56,1
"412",2020-03-28,"MA",2,15,0
"413",2020-03-28,"MG",16,205,0
"414",2020-03-28,"MS",3,31,0
"415",2020-03-28,"MT",2,13,0
"416",2020-03-28,"PA",2,18,0
"417",2020-03-28,"PB",4,14,0
"418",2020-03-28,"PE",11,68,5
"419",2020-03-28,"PI",1,11,1
"420",2020-03-28,"PR",12,137,2
"421",2020-03-28,"RJ",65,558,13
"422",2020-03-28,"RN",40,68,1
"423",2020-03-28,"RO",0,6,0
"424",2020-03-28,"RR",4,16,0
"425",2020-03-28,"RS",3,200,2
"426",2020-03-28,"SC",21,184,1
"427",2020-03-28,"SE",0,16,0
"428",2020-03-28,"SP",183,1406,84
"429",2020-03-28,"TO",0,9,0
"430",2020-03-29,"AC",9,34,0
"431",2020-03-29,"AL",3,17,0
"432",2020-03-29,"AM",29,140,1
"433",2020-03-29,"AP",4,8,0
"434",2020-03-29,"BA",29,156,1
"435",2020-03-29,"CE",37,359,5
"436",2020-03-29,"DF",38,298,1
"437",2020-03-29,"ES",11,72,0
"438",2020-03-29,"GO",2,58,1
"439",2020-03-29,"MA",6,21,1
"440",2020-03-29,"MG",26,231,0
"441",2020-03-29,"MS",5,36,0
"442",2020-03-29,"MT",3,16,0
"443",2020-03-29,"PA",2,20,0
"444",2020-03-29,"PB",0,14,0
"445",2020-03-29,"PE",5,73,5
"446",2020-03-29,"PI",3,14,1
"447",2020-03-29,"PR",15,152,2
"448",2020-03-29,"RJ",42,600,17
"449",2020-03-29,"RN",0,68,1
"450",2020-03-29,"RO",0,6,0
"451",2020-03-29,"RR",0,16,0
"452",2020-03-29,"RS",30,230,2
"453",2020-03-29,"SC",13,197,1
"454",2020-03-29,"SE",0,16,0
"455",2020-03-29,"SP",45,1451,98
"456",2020-03-29,"TO",1,10,0
"457",2020-03-30,"AC",8,42,0
"458",2020-03-30,"AL",0,17,0
"459",2020-03-30,"AM",11,151,2
"460",2020-03-30,"AP",0,8,0
"461",2020-03-30,"BA",20,176,2
"462",2020-03-30,"CE",23,382,5
"463",2020-03-30,"DF",14,312,2
"464",2020-03-30,"ES",13,85,0
"465",2020-03-30,"GO",3,61,1
"466",2020-03-30,"MA",9,30,1
"467",2020-03-30,"MG",30,261,1
"468",2020-03-30,"MS",8,44,0
"469",2020-03-30,"MT",7,18,0
"470",2020-03-30,"PA",6,26,0
"471",2020-03-30,"PB",3,17,0
"472",2020-03-30,"PE",5,78,6
"473",2020-03-30,"PI",7,18,4
"474",2020-03-30,"PR",8,160,3
"475",2020-03-30,"RJ",57,657,18
"476",2020-03-30,"RN",9,77,1
"477",2020-03-30,"RO",2,8,1
"478",2020-03-30,"RR",0,16,0
"479",2020-03-30,"RS",24,254,4
"480",2020-03-30,"SC",22,219,2
"481",2020-03-30,"SE",2,18,0
"482",2020-03-30,"SP",66,1517,113
"483",2020-03-30,"TO",1,11,0
"484",2020-03-31,"AC",1,42,0
"485",2020-03-31,"AL",1,18,1
"486",2020-03-31,"AM",24,175,3
"487",2020-03-31,"AP",2,10,0
"488",2020-03-31,"BA",41,217,2
"489",2020-03-31,"CE",19,401,7
"490",2020-03-31,"DF",21,333,3
"491",2020-03-31,"ES",12,97,0
"492",2020-03-31,"GO",4,65,1
"493",2020-03-31,"MA",21,51,1
"494",2020-03-31,"MG",14,275,2
"495",2020-03-31,"MS",4,48,1
"496",2020-03-31,"MT",7,25,0
"497",2020-03-31,"PA",8,34,0
"498",2020-03-31,"PB",1,18,1
"499",2020-03-31,"PE",9,87,6
"500",2020-03-31,"PI",0,18,4
"501",2020-03-31,"PR",25,185,3
"502",2020-03-31,"RJ",51,708,23
"503",2020-03-31,"RN",5,82,1
"504",2020-03-31,"RO",1,9,1
"505",2020-03-31,"RR",0,16,0
"506",2020-03-31,"RS",51,305,4
"507",2020-03-31,"SC",16,235,2
"508",2020-03-31,"SE",1,19,0
"509",2020-03-31,"SP",822,2339,136
"510",2020-03-31,"TO",1,12,0
"511",2020-04-01,"AC",1,43,0
"512",2020-04-01,"AL",0,18,1
"513",2020-04-01,"AM",25,200,3
"514",2020-04-01,"AP",1,11,0
"515",2020-04-01,"BA",29,246,2
"516",2020-04-01,"CE",44,445,9
"517",2020-04-01,"DF",37,370,4
"518",2020-04-01,"ES",23,120,0
"519",2020-04-01,"GO",8,73,1
"520",2020-04-01,"MA",19,70,1
"521",2020-04-01,"MG",39,314,3
"522",2020-04-01,"MS",3,51,1
"523",2020-04-01,"MT",3,28,0
"524",2020-04-01,"PA",7,41,1
"525",2020-04-01,"PB",3,21,1
"526",2020-04-01,"PE",8,95,8
"527",2020-04-01,"PI",1,19,4
"528",2020-04-01,"PR",44,229,3
"529",2020-04-01,"RJ",124,832,28
"530",2020-04-01,"RN",10,92,2
"531",2020-04-01,"RO",0,9,1
"532",2020-04-01,"RR",10,26,0
"533",2020-04-01,"RS",11,316,5
"534",2020-04-01,"SC",12,247,2
"535",2020-04-01,"SE",3,22,0
"536",2020-04-01,"SP",642,2981,164
"537",2020-04-01,"TO",0,12,0
"538",2020-04-02,"AC",2,45,0
"539",2020-04-02,"AL",0,18,1
"540",2020-04-02,"AM",29,229,3
"541",2020-04-02,"AP",1,12,0
"542",2020-04-02,"BA",21,267,3
"543",2020-04-02,"CE",120,565,20
"544",2020-04-02,"DF",30,400,5
"545",2020-04-02,"ES",19,139,2
"546",2020-04-02,"GO",0,73,1
"547",2020-04-02,"MA",10,80,1
"548",2020-04-02,"MG",56,370,4
"549",2020-04-02,"MS",2,53,1
"550",2020-04-02,"MT",13,41,0
"551",2020-04-02,"PA",8,49,1
"552",2020-04-02,"PB",8,29,1
"553",2020-04-02,"PE",11,106,9
"554",2020-04-02,"PI",0,19,4
"555",2020-04-02,"PR",29,258,4
"556",2020-04-02,"RJ",160,992,41
"557",2020-04-02,"RN",14,106,2
"558",2020-04-02,"RO",1,10,1
"559",2020-04-02,"RR",4,30,0
"560",2020-04-02,"RS",70,386,5
"561",2020-04-02,"SC",34,281,5
"562",2020-04-02,"SE",2,24,2
"563",2020-04-02,"SP",525,3506,188
"564",2020-04-02,"TO",0,12,0
"565",2020-04-03,"AC",1,46,0
"566",2020-04-03,"AL",5,23,2
"567",2020-04-03,"AM",31,260,7
"568",2020-04-03,"AP",7,19,0
"569",2020-04-03,"BA",23,290,6
"570",2020-04-03,"CE",93,658,22
"571",2020-04-03,"DF",19,419,6
"572",2020-04-03,"ES",14,153,5
"573",2020-04-03,"GO",15,88,2
"574",2020-04-03,"MA",7,87,1
"575",2020-04-03,"MG",27,397,6
"576",2020-04-03,"MS",7,60,1
"577",2020-04-03,"MT",3,44,1
"578",2020-04-03,"PA",26,75,1
"579",2020-04-03,"PB",3,32,1
"580",2020-04-03,"PE",30,136,10
"581",2020-04-03,"PI",3,22,4
"582",2020-04-03,"PR",49,307,5
"583",2020-04-03,"RJ",82,1074,47
"584",2020-04-03,"RN",70,176,4
"585",2020-04-03,"RO",0,10,1
"586",2020-04-03,"RR",7,37,1
"587",2020-04-03,"RS",24,410,6
"588",2020-04-03,"SC",20,301,5
"589",2020-04-03,"SE",3,27,2
"590",2020-04-03,"SP",542,4048,219
"591",2020-04-03,"TO",1,13,0
"592",2020-04-04,"AC",0,46,0
"593",2020-04-04,"AL",0,23,2
"594",2020-04-04,"AM",51,311,12
"595",2020-04-04,"AP",10,29,1
"596",2020-04-04,"BA",46,336,7
"597",2020-04-04,"CE",87,745,23
"598",2020-04-04,"DF",37,456,7
"599",2020-04-04,"ES",13,166,6
"600",2020-04-04,"GO",15,103,2
"601",2020-04-04,"MA",8,95,2
"602",2020-04-04,"MG",33,430,6
"603",2020-04-04,"MS",2,62,1
"604",2020-04-04,"MT",16,60,1
"605",2020-04-04,"PA",7,82,1
"606",2020-04-04,"PB",2,34,3
"607",2020-04-04,"PE",40,176,14
"608",2020-04-04,"PI",2,24,4
"609",2020-04-04,"PR",94,401,7
"610",2020-04-04,"RJ",172,1246,58
"611",2020-04-04,"RN",36,212,5
"612",2020-04-04,"RO",1,11,1
"613",2020-04-04,"RR",5,42,1
"614",2020-04-04,"RS",8,418,7
"615",2020-04-04,"SC",55,356,10
"616",2020-04-04,"SE",5,32,3
"617",2020-04-04,"SP",418,4466,260
"618",2020-04-04,"TO",3,16,0
"619",2020-04-05,"AC",2,48,0
"620",2020-04-05,"AL",5,28,2
"621",2020-04-05,"AM",106,417,15
"622",2020-04-05,"AP",3,32,2
"623",2020-04-05,"BA",65,401,9
"624",2020-04-05,"CE",218,963,35
"625",2020-04-05,"DF",12,468,7
"626",2020-04-05,"ES",28,194,6
"627",2020-04-05,"GO",12,115,3
"628",2020-04-05,"MA",37,132,2
"629",2020-04-05,"MG",68,498,6
"630",2020-04-05,"MS",3,65,1
"631",2020-04-05,"MT",0,60,1
"632",2020-04-05,"PA",4,86,1
"633",2020-04-05,"PB",1,35,4
"634",2020-04-05,"PE",25,201,21
"635",2020-04-05,"PI",0,24,4
"636",2020-04-05,"PR",44,445,10
"637",2020-04-05,"RJ",148,1394,64
"638",2020-04-05,"RN",34,246,7
"639",2020-04-05,"RO",3,14,1
"640",2020-04-05,"RR",0,42,1
"641",2020-04-05,"RS",50,468,7
"642",2020-04-05,"SC",23,379,10
"643",2020-04-05,"SE",0,32,3
"644",2020-04-05,"SP",154,4620,275
"645",2020-04-05,"TO",1,17,0
"646",2020-04-06,"AC",2,50,1
"647",2020-04-06,"AL",3,31,2
"648",2020-04-06,"AM",115,532,19
"649",2020-04-06,"AP",7,39,2
"650",2020-04-06,"BA",36,437,10
"651",2020-04-06,"CE",83,1046,36
"652",2020-04-06,"DF",17,485,10
"653",2020-04-06,"ES",15,209,6
"654",2020-04-06,"GO",4,119,5
"655",2020-04-06,"MA",39,171,4
"656",2020-04-06,"MG",27,525,9
"657",2020-04-06,"MS",1,66,1
"658",2020-04-06,"MT",16,76,1
"659",2020-04-06,"PA",37,123,5
"660",2020-04-06,"PB",1,36,4
"661",2020-04-06,"PE",22,223,30
"662",2020-04-06,"PI",2,26,4
"663",2020-04-06,"PR",21,466,14
"664",2020-04-06,"RJ",67,1461,71
"665",2020-04-06,"RN",0,246,7
"666",2020-04-06,"RO",4,18,1
"667",2020-04-06,"RR",0,42,1
"668",2020-04-06,"RS",33,501,8
"669",2020-04-06,"SC",38,417,11
"670",2020-04-06,"SE",0,32,4
"671",2020-04-06,"SP",246,4866,304
"672",2020-04-06,"TO",2,19,0
"673",2020-04-07,"AC",0,50,2
"674",2020-04-07,"AL",3,34,2
"675",2020-04-07,"AM",104,636,23
"676",2020-04-07,"AP",12,51,2
"677",2020-04-07,"BA",25,462,14
"678",2020-04-07,"CE",143,1189,40
"679",2020-04-07,"DF",18,503,12
"680",2020-04-07,"ES",18,227,6
"681",2020-04-07,"GO",14,133,5
"682",2020-04-07,"MA",58,229,11
"683",2020-04-07,"MG",34,559,11
"684",2020-04-07,"MS",14,80,2
"685",2020-04-07,"MT",2,78,1
"686",2020-04-07,"PA",31,154,5
"687",2020-04-07,"PB",5,41,4
"688",2020-04-07,"PE",129,352,34
"689",2020-04-07,"PI",5,31,5
"690",2020-04-07,"PR",45,511,15
"691",2020-04-07,"RJ",227,1688,89
"692",2020-04-07,"RN",8,254,8
"693",2020-04-07,"RO",5,23,1
"694",2020-04-07,"RR",7,49,1
"695",2020-04-07,"RS",54,555,8
"696",2020-04-07,"SC",40,457,15
"697",2020-04-07,"SE",4,36,4
"698",2020-04-07,"SP",816,5682,371
"699",2020-04-07,"TO",0,19,0
"700",2020-04-08,"AC",8,58,2
"701",2020-04-08,"AL",3,37,3
"702",2020-04-08,"AM",168,804,30
"703",2020-04-08,"AP",56,107,2
"704",2020-04-08,"BA",53,515,18
"705",2020-04-08,"CE",205,1394,57
"706",2020-04-08,"DF",6,509,12
"707",2020-04-08,"ES",46,273,6
"708",2020-04-08,"GO",26,159,7
"709",2020-04-08,"MA",43,272,12
"710",2020-04-08,"MG",55,614,14
"711",2020-04-08,"MS",5,85,2
"712",2020-04-08,"MT",12,90,1
"713",2020-04-08,"PA",13,167,6
"714",2020-04-08,"PB",14,55,7
"715",2020-04-08,"PE",49,401,46
"716",2020-04-08,"PI",7,38,6
"717",2020-04-08,"PR",39,550,17
"718",2020-04-08,"RJ",250,1938,106
"719",2020-04-08,"RN",8,262,11
"720",2020-04-08,"RO",3,26,1
"721",2020-04-08,"RR",3,52,1
"722",2020-04-08,"RS",26,581,10
"723",2020-04-08,"SC",44,501,17
"724",2020-04-08,"SE",3,39,4
"725",2020-04-08,"SP",1026,6708,428
"726",2020-04-08,"TO",4,23,0
"727",2020-04-09,"AC",4,62,2
"728",2020-04-09,"AL",0,37,3
"729",2020-04-09,"AM",95,899,40
"730",2020-04-09,"AP",21,128,2
"731",2020-04-09,"BA",53,568,19
"732",2020-04-09,"CE",51,1445,57
"733",2020-04-09,"DF",18,527,13
"734",2020-04-09,"ES",27,300,7
"735",2020-04-09,"GO",20,179,7
"736",2020-04-09,"MA",21,293,16
"737",2020-04-09,"MG",41,655,15
"738",2020-04-09,"MS",4,89,2
"739",2020-04-09,"MT",18,108,2
"740",2020-04-09,"PA",4,169,7
"741",2020-04-09,"PB",24,79,11
"742",2020-04-09,"PE",154,555,56
"743",2020-04-09,"PI",2,40,7
"744",2020-04-09,"PR",71,621,24
"745",2020-04-09,"RJ",278,2216,122
"746",2020-04-09,"RN",0,262,11
"747",2020-04-09,"RO",2,28,2
"748",2020-04-09,"RR",11,63,2
"749",2020-04-09,"RS",55,636,14
"750",2020-04-09,"SC",192,693,18
"751",2020-04-09,"SE",1,40,4
"752",2020-04-09,"SP",772,7480,496
"753",2020-04-09,"TO",0,23,0
"754",2020-04-10,"AC",8,70,2
"755",2020-04-10,"AL",8,45,3
"756",2020-04-10,"AM",82,981,50
"757",2020-04-10,"AP",56,166,2
"758",2020-04-10,"BA",48,616,19
"759",2020-04-10,"CE",113,1558,67
"760",2020-04-10,"DF",29,556,14
"761",2020-04-10,"ES",49,349,8
"762",2020-04-10,"GO",12,191,8
"763",2020-04-10,"MA",51,344,21
"764",2020-04-10,"MG",43,698,17
"765",2020-04-10,"MS",8,97,2
"766",2020-04-10,"MT",4,112,2
"767",2020-04-10,"PA",48,217,9
"768",2020-04-10,"PB",6,85,11
"769",2020-04-10,"PE",129,684,65
"770",2020-04-10,"PI",1,41,7
"771",2020-04-10,"PR",34,655,26
"772",2020-04-10,"RJ",248,2464,147
"773",2020-04-10,"RN",1,263,11
"774",2020-04-10,"RO",4,32,2
"775",2020-04-10,"RR",12,75,3
"776",2020-04-10,"RS",4,640,15
"777",2020-04-10,"SC",24,717,18
"778",2020-04-10,"SE",2,42,4
"779",2020-04-10,"SP",736,8216,540
"780",2020-04-10,"TO",0,23,0
"781",2020-04-11,"AC",2,72,2
"782",2020-04-11,"AL",3,48,3
"783",2020-04-11,"AM",69,1050,53
"784",2020-04-11,"AP",27,193,5
"785",2020-04-11,"BA",24,640,21
"786",2020-04-11,"CE",110,1668,74
"787",2020-04-11,"DF",36,592,14
"788",2020-04-11,"ES",34,383,9
"789",2020-04-11,"GO",18,209,10
"790",2020-04-11,"MA",54,398,24
"791",2020-04-11,"MG",52,750,17
"792",2020-04-11,"MS",3,100,2
"793",2020-04-11,"MT",9,121,3
"794",2020-04-11,"PA",20,237,11
"795",2020-04-11,"PB",16,101,13
"796",2020-04-11,"PE",132,816,72
"797",2020-04-11,"PI",3,44,7
"798",2020-04-11,"PR",33,688,27
"799",2020-04-11,"RJ",143,2607,155
"800",2020-04-11,"RN",26,289,13
"801",2020-04-11,"RO",2,34,2
"802",2020-04-11,"RR",4,79,3
"803",2020-04-11,"RS",13,653,16
"804",2020-04-11,"SC",15,732,21
"805",2020-04-11,"SE",2,44,4
"806",2020-04-11,"SP",203,8419,560
"807",2020-04-11,"TO",2,25,0
"808",2020-04-12,"AC",5,77,2
"809",2020-04-12,"AL",0,48,3
"810",2020-04-12,"AM",156,1206,62
"811",2020-04-12,"AP",44,237,5
"812",2020-04-12,"BA",34,674,21
"813",2020-04-12,"CE",80,1748,76
"814",2020-04-12,"DF",26,618,14
"815",2020-04-12,"ES",47,430,14
"816",2020-04-12,"GO",20,229,14
"817",2020-04-12,"MA",47,445,27
"818",2020-04-12,"MG",56,806,20
"819",2020-04-12,"MS",1,101,2
"820",2020-04-12,"MT",2,123,3
"821",2020-04-12,"PA",22,259,14
"822",2020-04-12,"PB",10,111,13
"823",2020-04-12,"PE",144,960,85
"824",2020-04-12,"PI",7,51,7
"825",2020-04-12,"PR",62,750,31
"826",2020-04-12,"RJ",248,2855,170
"827",2020-04-12,"RN",15,304,15
"828",2020-04-12,"RO",8,42,2
"829",2020-04-12,"RR",4,83,3
"830",2020-04-12,"RS",11,664,16
"831",2020-04-12,"SC",44,776,24
"832",2020-04-12,"SE",0,44,4
"833",2020-04-12,"SP",336,8755,588
"834",2020-04-12,"TO",1,26,0
